<?xml version="1.0" encoding="UTF-8"?>
<project-private xmlns="http://www.netbeans.org/ns/project-private/1">
    <data xmlns="http://www.netbeans.org/ns/make-project-private/1">
        <activeConfTypeElem>1</activeConfTypeElem>
        <activeConfIndexElem>0</activeConfIndexElem>
    </data>
    <editor-bookmarks xmlns="http://www.netbeans.org/ns/editor-bookmarks/2" lastBookmarkId="0"/>
    <open-files xmlns="http://www.netbeans.org/ns/projectui-open-files/2">
        <group>
            <file>file:/C:/Users/19515/OneDrive%20-%20Riverside%20Community%20College%20District/Desktop/CIS-5/Hmwk/Assignment%202%20Homework/Savitch_9thed_Chapter2_Problem9_Sums/main.cpp</file>
        </group>
    </open-files>
</project-private>
